ID | Message | Status
379d1b77-7d85-49d2-8999-61946817af4c | Welcome to the Finance App! | Unread
c52e6fbe-2e34-4455-b9d2-43baaafaaf00 | Quick Tip: Diversify your investments. | Unread
56aa3231-26a8-438f-a50b-d1f5c5dbd456 | Your support ticket #1234 is now marked as 'Delivered'. | Unread
e9a9e1d5-dc44-45f8-b517-f413ae383752 | Welcome to the Finance App! | Unread
d3e9019b-0be8-4f64-9da9-7fcab6413e2f | Quick Tip: Diversify your investments. | Unread
f9099c0e-50c5-4995-ab50-1b9eae9b42cd | Your support ticket #1234 is now marked as 'Delivered'. | Unread
ccab30c9-a09a-4fd6-a84e-7fb5c1bef069 | Welcome to the Finance App! | Unread
7e971772-9540-43f0-a9db-4c0f86515b7d | Quick Tip: Diversify your investments. | Unread
12dddf19-a574-4660-a178-07dd75814b54 | Your support ticket #1234 is now marked as 'Delivered'. | Unread
325e3b0a-1657-4f78-b17a-16cac9963130 | Welcome to the Finance App! | Unread
ee2fc6b9-004e-4929-8310-2b4da64ab82d | Quick Tip: Diversify your investments. | Unread
b1ff473d-947d-4c1b-8fba-ae888435803c | Your support ticket #1234 is now marked as 'Delivered'. | Unread
29fce1ad-95a9-49f0-ad38-2f0848d65231 | Welcome to the Finance App! | Unread
4ca1e893-d177-472a-91f8-3fe827b77d44 | Quick Tip: Diversify your investments. | Unread
8336b95c-69ed-4df1-bfd8-cb9b0924de7c | Your support ticket #1234 is now marked as 'Delivered'. | Unread
f1115b6d-5ee0-4b3f-9ae4-39106397dba7 | Welcome to the Finance App! | Unread
5437c3ef-81fe-4335-8b92-3c9c2e18e278 | Quick Tip: Diversify your investments. | Unread
e1658ac2-5800-4128-9754-bc72259df883 | Your support ticket #1234 is now marked as 'Delivered'. | Unread
3cbdfb37-e456-4ded-847c-8a0b06beb416 | Welcome to the Finance App! | Unread
526d9d14-969a-4940-ac72-c0221aeb0d37 | Quick Tip: Diversify your investments. | Unread
468b9fec-0c00-47b2-8200-1b5bc4017270 | Your support ticket #1234 is now marked as 'Delivered'. | Unread
f0bc8c49-dde9-4824-8164-9b9086475f00 | Welcome to the Finance App! | Unread
9a9dedb5-8585-47b7-a7fa-1fafced71bd9 | Quick Tip: Diversify your investments. | Unread
b3f198e9-889a-4931-898a-1ad08a533b90 | Your support ticket #1234 is now marked as 'Delivered'. | Unread
8ef94f01-e311-4707-8327-400e6aec99f2 | Welcome to the Finance App! | Unread
67c6f7de-7c65-41cd-b557-1ad7c3bb2f10 | Quick Tip: Diversify your investments. | Unread
ac9436f5-2a8b-4a6f-b645-249aa4593e36 | Your support ticket #1234 is now marked as 'Delivered'. | Unread
97d8dd3c-1394-4c6a-9e76-d4d8cae77529 | Welcome to the Finance App! | Unread
2f1d5080-3545-4902-8a88-526dbe170661 | Quick Tip: Diversify your investments. | Unread
78820b5d-5c0c-4435-bf60-69fecd2ecda4 | Your support ticket #1234 is now marked as 'Delivered'. | Unread
3a2c8f5a-b1be-41a3-8e43-2e33f691c228 | Welcome to the Finance App! | Unread
d14737a2-6fe9-4a3b-9eab-8f7ac7c0f00c | Quick Tip: Diversify your investments. | Unread
4d6e8a74-99de-457f-8373-0accbc67dbaf | Your support ticket #1234 is now marked as 'Delivered'. | Unread
69ba1d9f-8fe4-431a-a899-b0d4b80d1150 | Welcome to the Finance App! | Unread
d0f16482-7fc0-4778-bd2d-5759c857d57d | Quick Tip: Diversify your investments. | Unread
055fe3d6-1870-48a5-ae49-e3b85ccad199 | Your support ticket #1234 is now marked as 'Delivered'. | Unread
23c7fc98-ed36-407b-b637-0071bfd07f98 | Welcome to the Finance App! | Unread
891db6d1-af6b-472e-8e14-d65d341ee56e | Quick Tip: Diversify your investments. | Unread
bfc2452f-63c3-47e0-a4cf-0235d9d855c2 | Your support ticket #1234 is now marked as 'Delivered'. | Unread
c93a7661-242a-4c62-913e-e57a21a63352 | Welcome to the Finance App! | Unread
190d6bd1-fc97-4254-bfdf-29db39dd2512 | Quick Tip: Diversify your investments. | Unread
67552325-d8db-4508-a0d0-941db742ab23 | Your support ticket #1234 is now marked as 'Delivered'. | Unread
97debcbc-5597-4247-91e1-538b0226f096 | Welcome to the Finance App! | Unread
514d9412-0d9c-48d7-acaf-35ed528641a3 | Quick Tip: Diversify your investments. | Unread
6be4b3b2-34d4-42cb-881d-9c590fa26c35 | Your support ticket #1234 is now marked as 'Delivered'. | Unread
4f84100f-038d-459c-a021-91f940d0b862 | Welcome to the Finance App! | Unread
721995e9-899c-4d3c-8a11-6fd355f6a328 | Quick Tip: Diversify your investments. | Unread
323beca2-e5ac-4792-b081-5eda316c661b | Your support ticket #1234 is now marked as 'Delivered'. | Unread
a239fa68-d114-48c7-87a9-310d87ae2160 | Welcome to the Finance App! | Unread
cf9e0aea-f749-4618-a55c-2b2a141800dc | Quick Tip: Diversify your investments. | Unread
25e77c12-8bf2-4b42-9032-f356b48d8f6f | Your support ticket #1234 is now marked as 'Delivered'. | Unread
3985ffdc-369e-4393-b766-801a5f40b68a | Welcome to the Finance App! | Unread
861edb55-0b4f-4536-9805-dc38c38c855a | Quick Tip: Diversify your investments. | Unread
4a4d76d7-3f4c-471c-93f1-a4a26ab6c547 | Your support ticket #1234 is now marked as 'Delivered'. | Unread
5172d8c1-a2b1-481d-80d3-7c84551c8253 | Welcome to the Finance App! | Unread
48213061-807b-4d57-b909-fee449e83d9a | Quick Tip: Diversify your investments. | Unread
65b5f532-ba38-4a34-8443-733759ca0e54 | Your support ticket #1234 is now marked as 'Delivered'. | Unread
7382c979-1d40-471a-b223-1a20a2ad7814 | Welcome to the Finance App! | Unread
572af682-f7bc-4e16-9a4e-eb5704db3db5 | Quick Tip: Diversify your investments. | Unread
ac3aac40-df61-4445-8c51-e4ca7b52ba3f | Your support ticket #1234 is now marked as 'Delivered'. | Unread
55b13325-db70-4352-9370-f5a99422b9c8 | Welcome to the Finance App! | Unread
bd27aa9d-1ee1-4a16-9c56-a27ed087947e | Quick Tip: Diversify your investments. | Unread
23bc8254-c593-414c-94d5-742722e78cc4 | Your support ticket #1234 is now marked as 'Delivered'. | Unread
da036072-a9f8-4d18-b225-445accd21cc2 | Welcome to the Finance App! | Unread
cf74a74c-d6e4-4754-aa10-c1fa5bd1648c | Quick Tip: Diversify your investments. | Unread
b4dadc5c-0f62-4e56-adbb-2ebc5d0ea82c | Your support ticket #1234 is now marked as 'Delivered'. | Unread
3b60d612-8813-4504-a006-17a45432e2b0 | Welcome to the Finance App! | Unread
099b7551-9975-4394-9ad3-61f8fcefb459 | Quick Tip: Diversify your investments. | Unread
41624ca0-d465-4ef6-8cc4-675ddf5a37c8 | Your support ticket #1234 is now marked as 'Delivered'. | Unread
eb27e855-220a-48ca-b39e-10ac1b5e8b31 | Welcome to the Finance App! | Unread
5cea7825-ae94-4d95-8d3a-aec46e54686b | Quick Tip: Diversify your investments. | Unread
19e9ab8c-543a-4116-b901-b5ad1cf25661 | Your support ticket #1234 is now marked as 'Delivered'. | Unread
0ddbb995-7b47-40b6-919f-b2d68592f0b5 | Welcome to the Finance App! | Unread
0ef1dd75-3cd8-48e9-aa48-d1398b6289fe | Quick Tip: Diversify your investments. | Unread
819222d7-c439-4381-8b68-ccfc4a87327a | Your support ticket #1234 is now marked as 'Delivered'. | Unread
d3e64a76-f379-433b-a51f-6cd3170386a9 | Welcome to the Finance App! | Unread
f53fe00a-a82d-43ba-adde-759408caf718 | Quick Tip: Diversify your investments. | Unread
c05b310c-c42b-4441-aed6-b29a973b022a | Your support ticket #1234 is now marked as 'Delivered'. | Unread
5d5ea6d1-d5d5-456f-a4ef-dc52ab65c003 | Welcome to the Finance App! | Unread
4a163013-0cf8-404a-9e28-8fb9f53d393b | Quick Tip: Diversify your investments. | Unread
eb2704e1-b082-4a57-9f9e-a04f21c428c2 | Your support ticket #1234 is now marked as 'Delivered'. | Unread
424dab8a-dc23-44b3-b5d2-f934e2b61e60 | Welcome to the Finance App! | Unread
b8280d37-5c84-4b10-8468-ee877479906d | Quick Tip: Diversify your investments. | Unread
e21884fe-2e48-486a-b0a6-e9252d0d5d00 | Your support ticket #1234 is now marked as 'Delivered'. | Unread
a2df26c7-2671-4459-8740-908189574433 | Welcome to the Finance App! | Unread
9b131eee-0735-4ee2-ae1f-77518bc64df1 | Quick Tip: Diversify your investments. | Unread
56b4356c-487a-4f1b-8e94-2bc742970c4c | Your support ticket #1234 is now marked as 'Delivered'. | Unread
75cda69f-e6fa-4a11-b488-a55b929370e9 | Welcome to the Finance App! | Unread
01c9ee63-0e21-487b-8c43-80145566cb67 | Quick Tip: Diversify your investments. | Unread
4675a513-08a3-43fd-9564-dc300854af59 | Your support ticket #1234 is now marked as 'Delivered'. | Unread
789be791-8e19-4fd8-b79b-8e07cc028112 | Welcome to the Finance App! | Unread
260a1c9d-63c0-4354-85ea-3a7cd2cff2ba | Quick Tip: Diversify your investments. | Unread
b940507f-c2dc-4ef1-a573-d14f6497107e | Your support ticket #1234 is now marked as 'Delivered'. | Unread
273f5d9e-3828-44c9-b197-651747b13e91 | Welcome to the Finance App! | Unread
38398ed4-6501-4557-b638-2b715fdf6a4e | Quick Tip: Diversify your investments. | Unread
1f81d88c-6ae2-44e8-bac5-328c88f76034 | Your support ticket #1234 is now marked as 'Delivered'. | Unread
6f57c5b9-25c3-4f86-82af-d36f0f536920 | Welcome to the Finance App! | Unread
3227c634-ca3f-4bce-ba73-0581c1439dee | Quick Tip: Diversify your investments. | Unread
5f9430d8-4879-4ee8-bb8c-48ce53ddb4b5 | Your support ticket #1234 is now marked as 'Delivered'. | Unread
74fc0082-670d-4eaf-a076-1e6b3be602d4 | Welcome to the Finance App! | Unread
a5fbd5fa-344a-4a43-8789-04f060f28f3e | Quick Tip: Diversify your investments. | Unread
9b15d455-bc98-4588-8412-6660d2dd44ca | Your support ticket #1234 is now marked as 'Delivered'. | Unread
f26f4af3-f877-4308-bf21-fa82823804a2 | Welcome to the Finance App! | Unread
a592cbd6-cdf9-4264-9e5d-734582464dcf | Quick Tip: Diversify your investments. | Unread
5a46a179-6272-4fb3-9288-77d897b697ef | Your support ticket #1234 is now marked as 'Delivered'. | Unread
be0de5d3-eb2d-4ad3-893e-b57ab5add3b4 | Welcome to the Finance App! | Unread
2ad034c6-840c-4578-a71e-76c1014aa241 | Quick Tip: Diversify your investments. | Unread
b28546e2-3f18-42fa-823e-38dc0ad3202a | Your support ticket #1234 is now marked as 'Delivered'. | Unread
75081b4c-6f50-4b8f-b591-5900122670db | Welcome to the Finance App! | Unread
881cd968-f034-406d-98ec-89c13e02c9cf | Quick Tip: Diversify your investments. | Unread
ed07449c-0c2d-41df-a9de-6c1567f859b9 | Your support ticket #1234 is now marked as 'Delivered'. | Unread
49067d2c-cca2-428a-a67d-07b7df5d0d3e | Welcome to the Finance App! | Unread
7dc8f62f-5af5-43ba-b274-036d6c5cfb77 | Quick Tip: Diversify your investments. | Unread
5cb2c69b-5bdf-4eda-8455-ce18a0f6c9f3 | Your support ticket #1234 is now marked as 'Delivered'. | Unread
62d77037-c198-494f-8923-2e1ca6ebbf5a | Welcome to the Finance App! | Unread
05e0b302-32be-4f63-9e2e-5a6317851c37 | Quick Tip: Diversify your investments. | Unread
e457a639-d978-4355-8541-09d609f1a8c4 | Your support ticket #1234 is now marked as 'Delivered'. | Unread
2ebe7ab2-dc03-4b9d-90cd-91f1e3fb72d9 | Welcome to the Finance App! | Unread
3e6088b1-b6da-4b87-a3d0-8d908255a16d | Quick Tip: Diversify your investments. | Unread
58a91ca8-3e82-4fa6-b84f-29d48cd153e0 | Your support ticket #1234 is now marked as 'Delivered'. | Unread
c518b2f5-812a-48e7-919e-fa8c1fef1e23 | Welcome to the Finance App! | Unread
4abda763-13be-4377-a9fa-7b1d2e5df75d | Quick Tip: Diversify your investments. | Unread
ee00f370-907c-4144-afe0-b83849c55272 | Your support ticket #1234 is now marked as 'Delivered'. | Unread
77c775b7-dd25-4b74-b7c1-4f5cf5f7b657 | Welcome to the Finance App! | Unread
ffff27f3-6673-4f5a-a24b-ed74c04994de | Quick Tip: Diversify your investments. | Unread
03c769c9-1033-46c1-a790-28225a0cd47c | Your support ticket #1234 is now marked as 'Delivered'. | Unread
ba52c1eb-3e28-4a4d-bb5b-6f5745d6a264 | Welcome to the Finance App! | Unread
916e841a-fe1c-4b9a-9067-e07d7952b520 | Quick Tip: Diversify your investments. | Unread
b9a84a2d-c2e2-4734-a8b7-4000e8fbfcb4 | Your support ticket #1234 is now marked as 'Delivered'. | Unread
810b6ff7-6f41-47b3-9793-491dd34d65fe | Welcome to the Finance App! | Unread
79dacc7b-b79e-4673-997d-0329578853b9 | Quick Tip: Diversify your investments. | Unread
bbc9eb3a-b73f-46c3-b118-906c39ce082b | Your support ticket #1234 is now marked as 'Delivered'. | Unread
cd39d003-a77c-4949-b411-2af9922b90dc | Welcome to the Finance App! | Unread
8479b681-b65e-4d97-8d4b-1cc38edeb2f3 | Quick Tip: Diversify your investments. | Unread
fa19fe29-4d3a-4d39-99cf-be6dff5ca63a | Your support ticket #1234 is now marked as 'Delivered'. | Unread
977373f5-ff9b-43b6-8a92-af5c0d168998 | Welcome to the Finance App! | Unread
7b2cfc7f-b1a4-4ebc-910b-bcb184ec4792 | Quick Tip: Diversify your investments. | Unread
0725836d-cc59-4736-b6dc-64a51067f413 | Your support ticket #1234 is now marked as 'Delivered'. | Unread
f2827732-5851-4942-b832-2f52f3683cd1 | Welcome to the Finance App! | Unread
21b3ac63-082e-4233-b48c-3cec0737809b | Quick Tip: Diversify your investments. | Unread
baa262e1-a0de-41a5-ab58-398bcdf1498f | Your support ticket #1234 is now marked as 'Delivered'. | Unread
1c7512fb-ea1c-470e-862e-313ddd69e207 | Welcome to the Finance App! | Unread
b5529f06-02e6-43b0-a5bd-d1bafbd9636b | Quick Tip: Diversify your investments. | Unread
aba8b744-68d3-428f-9f56-d31c537967b2 | Your support ticket #1234 is now marked as 'Delivered'. | Unread
ec4d4ed5-80c6-4b97-8155-894de0a396a3 | Welcome to the Finance App! | Unread
0c7fbec6-95c1-4eda-8fed-53d60a793413 | Quick Tip: Diversify your investments. | Unread
b17ec3f2-93cb-476a-a63e-8ad7851f60a5 | Your support ticket #1234 is now marked as 'Delivered'. | Unread
7a71c6f3-cc62-48ef-bc46-9341200f676d | Welcome to the Finance App! | Unread
cbb15e93-c354-49ab-b01a-0572da14edb9 | Quick Tip: Diversify your investments. | Unread
0b05bfa1-f680-488e-af09-2ceb587f68b2 | Your support ticket #1234 is now marked as 'Delivered'. | Unread
cd6a0059-d2fa-41a7-8997-6306a3aaeffe | Welcome to the Finance App! | Unread
e10bdcc5-51c4-4da9-8bc2-79e13734194b | Quick Tip: Diversify your investments. | Unread
caf07d90-53ff-4412-af01-27e82b39f94c | Your support ticket #1234 is now marked as 'Delivered'. | Unread
c06321ac-67e6-4c5e-bd9f-a5a700189264 | Welcome to the Finance App! | Unread
ecf21529-6d62-4748-b5dd-7ac323f8830c | Quick Tip: Diversify your investments. | Unread
4ab341b8-8d54-4d82-95b5-d87cfcb2490c | Your support ticket #1234 is now marked as 'Delivered'. | Unread
4b14d2d2-c23a-41da-928e-6a555beeb4e5 | Welcome to the Finance App! | Unread
58807c7c-3367-40b3-b11b-d37658ceb429 | Quick Tip: Diversify your investments. | Unread
be2d2545-98f3-4e9e-9b5c-8479fb0dcd6b | Your support ticket #1234 is now marked as 'Delivered'. | Unread
79f3ce56-1cca-42cf-bee7-dfdddb692698 | Welcome to the Finance App! | Unread
6ad915a7-0e36-4d03-8d51-33d8828ccae4 | Quick Tip: Diversify your investments. | Unread
676bd934-07d3-4483-bbc8-7910fc344fe1 | Your support ticket #1234 is now marked as 'Delivered'. | Unread
940fe307-8a2a-49bf-b1db-1e07f9e9b8bc | Welcome to the Finance App! | Unread
1656a8c2-1971-426f-a6ae-482a15068d2c | Quick Tip: Diversify your investments. | Unread
1e246e28-9d0c-4fa5-8fad-2ea2cbac34e3 | Your support ticket #1234 is now marked as 'Delivered'. | Unread
6dd6b2ae-2e44-4481-b2bd-c1562026c8a1 | Welcome to the Finance App! | Unread
0b3b77b5-549d-4105-aeb2-0ab21a6a6afe | Quick Tip: Diversify your investments. | Unread
c895be4a-dad5-47af-9829-a93ed6253f3f | Your support ticket #1234 is now marked as 'Delivered'. | Unread
231ba919-36dd-455a-be7e-c487d917d827 | Welcome to the Finance App! | Unread
20dc140a-9e0d-446f-9bdc-205a4edea040 | Quick Tip: Diversify your investments. | Unread
c6ea944d-26d4-467d-a40e-6abc350cb892 | Your support ticket #1234 is now marked as 'Delivered'. | Unread
1ebe5ace-0574-4de7-82ea-4c97d090b2ce | Welcome to the Finance App! | Unread
c3f64570-8e88-4f15-adb7-9c33b18ab25a | Quick Tip: Diversify your investments. | Unread
7072e7aa-d5da-4817-a5aa-9e18a585d25c | Your support ticket #1234 is now marked as 'Delivered'. | Unread
242d9753-6c13-4078-abfd-f9c843a548ab | Welcome to the Finance App! | Unread
cc9c5295-5bc4-4c02-b329-9d23d82c25a4 | Quick Tip: Diversify your investments. | Unread
28063ab1-407f-43dd-9dd7-c871aadc3583 | Your support ticket #1234 is now marked as 'Delivered'. | Unread
3f5101d3-fcd7-44ac-a863-f3e472fbcdb6 | Welcome to the Finance App! | Unread
77caa472-9555-4121-98fa-960b995e62d8 | Quick Tip: Diversify your investments. | Unread
f49c6067-66b8-48dc-9abc-4ac1b6bcd67d | Your support ticket #1234 is now marked as 'Delivered'. | Unread
3470be1a-2cfa-4d68-9bea-0b5e3e27caf3 | Welcome to the Finance App! | Unread
ab3297a9-fb93-49c1-95b5-38e32a5ba5fe | Quick Tip: Diversify your investments. | Unread
e6fd9318-ed07-49a8-80d6-490be63ba177 | Your support ticket #1234 is now marked as 'Delivered'. | Unread
d75cc0b1-d5b6-4f21-b125-bc39c16c6d7f | Welcome to the Finance App! | Unread
3addab10-39e0-471e-ad3f-d1ec0020e6d8 | Quick Tip: Diversify your investments. | Unread
ac9b395f-e204-486d-a391-206945002a73 | Your support ticket #1234 is now marked as 'Delivered'. | Unread
3d534ce4-d253-47d7-88be-286a99db7051 | Welcome to the Finance App! | Unread
b3dce206-8e61-4fc6-9dd8-5f520fd05df1 | Quick Tip: Diversify your investments. | Unread
8461b6a9-347f-4e68-9fd3-694beb572a3d | Your support ticket #1234 is now marked as 'Delivered'. | Unread
